bairro,faixa_quartos,noites_ofertadas,noites_vendidas,n_airbnb,pickup,adr,ocup_fev,revpan_pickup,revpan_ocup,receita_fev_obs,amostra_ok,n_vivareal,preco_mediano,preco_p25,area_mediana,preco_m2,condominio,iptu_anual,indice_demanda,investimento,custo_fixo_ano,receita_bruta_conservador_40,receita_liq_conservador_40,roi_conservador_40,payback_conservador_40,receita_bruta_base_55,receita_liq_base_55,roi_base_55,payback_base_55,receita_bruta_otimista_70,receita_liq_otimista_70,roi_otimista_70,payback_otimista_70
Centro,4+,58,22,2,0.3793103448275862,725.0,0.7678571428571429,275.0,556.6964285714286,15587.5,False,380,3600000.0,2698800.0,190.0,18313.95348837209,1000.0,1500.0,1.4917274506315605,4065000.0,13500.0,157899.3506493507,104924.51298701303,0.025811688311688324,38.742138364779855,217111.60714285722,149333.7053571429,0.03673645888244598,27.22091432927512,276323.86363636365,193742.89772727274,0.04766122945320363,20.981414274716816
Morretes,0-1 (compacto),61,20,1,0.3278688524590163,480.0,0.8571428571428571,157.37704918032784,411.4285714285714,11519.999999999998,False,34,750000.0,592500.0,51.0,13000.011627906977,350.0,800.0,1.6651841309375557,864000.0,5000.0,116696.1038961039,82522.07792207792,0.09551166426166426,10.469925403670013,160457.14285714287,115342.85714285716,0.13349867724867726,7.490710923953429,204218.18181818182,148163.63636363635,0.1714856902356902,5.831390354644742
Sertao do Trombudo,4+,33,4,1,0.1212121212121212,1000.0,0.5714285714285714,121.21212121212122,571.4285714285714,16000.0,False,1,3675000.0,3675000.0,213.0,17253.521126760563,370.0,900.0,1.1101227539583705,4178250.0,5340.0,162077.9220779221,116218.44155844157,0.027815099996036995,35.95169530731426,222857.1428571429,161802.85714285716,0.038725030130522864,25.82309159294379,283636.36363636365,207387.27272727274,0.04963496026500873,20.147089766181846
Casa Branca,3,45,10,1,0.2222222222222222,500.0,0.0,111.1111111111111,0.0,0.0,False,6,762057.0,725778.5,70.0,10592.28045112782,350.0,280.0,0.0,905159.85,4480.0,0.0,-4480.0,-0.004949402031033524,-202.044609375,0.0,-4480.0,-0.004949402031033524,-202.044609375,0.0,-4480.0,-0.004949402031033524,-202.044609375
Morretes,3,400,68,9,0.17,650.0,0.6984126984126984,110.5,453.9682539682539,12711.11111111111,False,150,849590.0,723000.0,70.0,11619.565217391304,400.0,800.0,1.3568166992824529,997069.5,5600.0,128761.90476190478,90971.42857142858,0.09123880388621713,10.960248900753768,177047.6190476191,127185.71428571432,0.1275595274809974,7.8394771425362215,225333.33333333334,163400.0,0.16388025107577756,6.1020165238678095
Meia Praia,4+,1474,168,30,0.1139755766621438,899.0,0.4511904761904762,102.4640434192673,405.6202380952381,11357.366666666669,True,1314,3600000.0,2750000.0,188.0,18421.052631578947,950.0,2990.0,0.87653442447963,4062000.0,14390.0,115048.64935064937,71896.48701298703,0.017699775237072137,56.49789257806519,158191.8928571429,104253.91964285717,0.02566566214742914,38.96256384330872,201335.13636363635,136611.35227272726,0.033631549057786134,29.73398573707646
Centro,2,2691,406,47,0.1508732813080639,603.75,0.4817629179331307,91.08974358974358,290.86436170212767,8144.202127659575,True,84,1122500.0,856000.0,85.5,13181.193524096387,500.0,1000.0,0.9359279601191581,1306875.0,7000.0,82499.7098646035,54874.782398452626,0.04198931221306753,23.81558418784457,113437.10106382982,78077.82579787236,0.05974391261434518,16.738106967568925,144374.4922630561,101280.86919729208,0.07749851301562283,12.90347338404301
Meia Praia,3,11912,1644,230,0.1380120886501007,656.0,0.4762422360248447,90.53593015446609,312.41490683229813,8747.617391304348,True,1657,1882000.0,1560000.0,129.0,14924.791666666666,600.0,1500.0,0.9252028495625876,2169600.0,8700.0,88612.22811970639,57759.17108977979,0.026622036822354252,37.56286593219307,121841.81366459631,82681.36024844724,0.03810903403781676,26.240497174703233,155071.39920948615,107603.54940711461,0.04959603125327923,20.162903658422895
Centro,3,1309,165,27,0.1260504201680672,699.0,0.5185185185185185,88.10924369747899,362.4444444444444,10148.444444444443,True,431,2100000.0,1750000.0,131.0,15789.473684210529,617.0,1300.0,1.007333610073336,2401500.0,8704.0,102802.42424242424,68397.81818181818,0.028481290102776672,35.11076908354334,141353.33333333337,97311.00000000003,0.040520924422236114,24.678607762740075,179904.2424242424,126224.1818181818,0.052560558741695525,19.02567293689583
Canto da Praia,2,136,21,2,0.1544117647058823,550.5,0.2321428571428571,85.00367647058823,127.79464285714286,3578.25,False,13,1225000.0,1216999.0,88.0,14459.770114942528,1.0,1.0,0.45098736879558793,1418250.0,13.0,36247.20779220779,27172.40584415584,0.019159108650911926,52.19449496427395,49839.91071428572,37366.93303571429,0.026347211729747428,37.954680375948314,63432.613636363625,47561.46022727272,0.03353531480858292,29.819311543903066
Meia Praia,0-1 (compacto),906,155,17,0.1710816777041942,490.0,0.5336134453781513,83.8300220750552,261.4705882352941,7321.176470588234,False,56,877500.0,754500.0,40.0,21250.0,727.5,1000.0,1.0366587481817136,981375.0,9730.0,74162.5668449198,45891.925133689845,0.04676288384530872,21.384480976579475,101973.52941176473,66750.14705882355,0.06801696299459795,14.702214800143638,129784.4919786096,87608.3689839572,0.0892710421438871,11.201840775961813
Tabuleiro dos Oliveiras,2,375,78,7,0.208,400.0,0.5051020408163265,83.2,202.0408163265306,5657.142857142857,False,108,780469.5,698410.0,69.0,11687.261904761905,350.0,850.0,0.9812692200167739,922992.975,5050.0,57306.12244897959,37929.5918367347,0.04109412841060323,24.33437667805547,78795.91836734695,54046.938775510214,0.058556175658336096,17.077618009666576,100285.71428571428,70164.28571428571,0.07601822290606894,13.154740557874376
Meia Praia,2,4203,621,90,0.1477516059957173,450.0,0.5666666666666667,66.4882226980728,255.0,7140.0,True,241,1070000.0,906700.0,85.0,12826.08695652174,500.0,980.0,1.1008717310087175,1251000.0,6980.0,72327.27272727274,47265.45454545455,0.03778213792602282,26.46753346668718,99450.00000000003,67607.50000000003,0.05404276578737013,18.50386421624819,126572.7272727273,87949.54545454547,0.0703033936487174,14.224064417098644
Centro,0-1 (compacto),4079,610,69,0.1495464574650649,440.0,0.4296066252587991,65.80044128462859,189.02691511387164,5292.753623188406,False,16,890000.0,685500.0,43.5,18720.238095238095,550.0,1200.0,0.8346031574143545,999750.0,7800.0,53614.90683229813,32411.180124223596,0.03241928494545996,30.845837645165005,73720.49689440994,47490.372670807454,0.04750224823286567,21.051635179408706,93826.08695652173,62569.5652173913,0.06258521152027137,15.978215551386285
Tabuleiro dos Oliveiras,3,134,13,2,0.0970149253731343,585.0,0.1964285714285714,56.75373134328358,114.91071428571428,3217.5,False,14,830000.0,766250.0,70.0,11945.134575569358,350.0,1615.0,0.3816046966731898,976500.0,5815.0,32592.857142857138,18629.642857142855,0.019077975276131955,52.4164637770067,44815.17857142857,27796.383928571428,0.028465318923268233,35.13046885916237,57037.49999999999,36963.12499999999,0.0378526625704045,26.41822086200775
Morretes,2,2007,216,36,0.1076233183856502,430.0,0.4613095238095238,46.2780269058296,198.36309523809524,5554.166666666667,True,997,790000.0,690000.0,69.0,11617.64705882353,350.0,730.0,0.8961928482476428,933000.0,4930.0,56262.98701298701,37267.240259740254,0.03994345151097562,25.03539284093216,77361.60714285714,53091.205357142855,0.05690375708161078,17.573532070401086,98460.22727272725,68915.17045454544,0.07386406265224592,13.538383404498452
Casa Branca,2,100,8,2,0.08,227.5,0.4642857142857143,18.2,105.625,2957.5,False,19,660000.0,611000.0,70.0,10000.0,350.0,280.0,0.9019747375911761,798000.0,4480.0,29959.09090909091,17989.318181818184,0.022543005240373663,44.359657877781004,41193.75000000001,26415.312500000007,0.03310189536340853,30.209750499828452,52428.409090909096,34841.30681818182,0.043660785486443386,22.90384812958756
Canto da Praia,3,20,0,1,0.0,307.625,0.8928571428571429,0.0,274.6651785714286,7690.625000000001,False,66,1769930.0,1507500.0,116.0,15050.505050505051,700.0,600.0,1.734566803059954,2032426.5,9000.0,77905.03246753248,49428.77435064936,0.02432007964403601,41.11828639694562,107119.41964285716,71339.56473214287,0.03510068616608909,28.489471552442296,136333.80681818182,93250.35511363637,0.045881292688142165,21.795375444128364
Ilhota,4+,48,0,1,0.0,946.0,0.0,0.0,0.0,0.0,False,19,2845125.0,2663385.0,154.0,18474.83766233766,950.0,2000.0,0.0,3218381.25,13400.0,0.0,-13400.0,-0.004163583789210803,-240.1777052238806,0.0,-13400.0,-0.004163583789210803,-240.1777052238806,0.0,-13400.0,-0.004163583789210803,-240.1777052238806
Morretes,4+,62,0,2,0.0,795.0,0.7142857142857143,0.0,567.8571428571429,15900.0,False,56,6050664.0,4384000.0,186.5,29036.608916676407,1200.0,2300.0,1.3876534424479632,6632947.2,16700.0,161064.9350649351,104098.70129870131,0.01569418512764602,63.7178669594291,221464.2857142858,149398.21428571435,0.022523654987893518,44.3977676153138,281863.63636363635,194697.72727272726,0.029353124848141,34.067923097575495
Tabuleiro dos Oliveiras,4+,48,0,1,0.0,1700.0,0.3571428571428571,0.0,607.1428571428571,17000.0,False,1,4085460.0,4085460.0,226.0,18077.256637168142,350.0,900.0,0.6938267212239815,4628733.0,5100.0,172207.79220779223,124055.84415584417,0.026801252989931405,37.31168838918375,236785.71428571432,172489.28571428574,0.03726490288255679,26.834901546679916,301363.63636363635,220922.72727272726,0.04772855277518216,20.951819023517068
